firstname,lastname,dob,email,phone
Corey,Morse,1935-11-05,james43@yahoo.com,+1-239-089-9566x69152
Jesse,Moon,2014-07-30,harmontammy@yahoo.com,758-360-0270x969
Kyle,Stewart,2007-11-01,jonathanball@gmail.com,001-364-690-0350x4634
David,Richardson,2023-05-22,ashleythomas@gmail.com,8580228005
Austin,Love,1954-02-26,gregorytrujillo@hotmail.com,001-323-551-2770
XXX,FF,1988-10-03,me.meghagarg@gmail.com,123-456-7890
Chad,Gray,1995-09-28,josephmyers@hotmail.com,+1-285-671-5580x98842
Joshua,Gordon,1928-07-29,matthew17@hotmail.com,+1-293-326-0681x58302
Joshua,Scott,1991-04-13,medinacharles@hotmail.com,001-315-951-1877
Whitney,Larsen,1985-11-29,dadkins@gmail.com,550-866-1472
Felicia,Duran,2016-02-26,dennisrobinson@yahoo.com,(258)903-4977
Logan,Gibbs,1937-03-05,teresa47@yahoo.com,001-979-387-8642x09555
George,Aguilar,1982-07-31,nwilliams@hotmail.com,073-459-2377
Timothy,Torres,1930-02-14,april78@yahoo.com,024-015-2599
Toni,Eaton,2003-10-07,alyssajefferson@hotmail.com,317-965-9279x38290
Ronnie,Nguyen,1986-05-01,jamie24@yahoo.com,(744)310-3596x461
Megan,Lynch,1980-04-07,roberto54@hotmail.com,793-125-0687x2343
Natasha,Golden,1955-07-10,michaelwilliams@gmail.com,665-243-3324
Ryan,Mills,2004-12-12,award@gmail.com,941-158-2909x695
Ronald,Craig,2005-01-31,liugregory@yahoo.com,(534)201-5991x60210
Robert,Graves,1960-06-28,fwebb@hotmail.com,823-428-2024
Beth,Fernandez,2017-08-26,peggy85@hotmail.com,048-679-4986x4025
Melissa,Olson,1918-11-04,aaron65@yahoo.com,(879)603-8145x306
Marilyn,Gardner,1986-06-20,michael40@yahoo.com,(127)198-3546x26926
Justin,Franco,1983-05-23,stevenburns@yahoo.com,+1-738-656-0114x553
Cynthia,Case,1998-03-11,mmcguire@yahoo.com,001-245-673-2016
Nancy,Mooney,1922-02-13,olivia35@hotmail.com,823-690-0651x549
Mark,DVM,1953-06-08,vphillips@yahoo.com,965-731-4146x441
Daniel,Miller,1933-12-31,adamspaula@yahoo.com,+1-737-707-4453
Jennifer,Scott,1987-10-18,brooke40@hotmail.com,260-583-5988
Juan,Smith,1923-11-21,rodney04@yahoo.com,+1-506-454-5851x037
Jessica,Spencer,2001-05-25,dalton67@gmail.com,001-889-497-0450x548
Melissa,Levy,1980-05-19,brittneybrooks@gmail.com,+1-662-693-9109x66239
Nancy,Mooney,1922-02-13,olivia35@hotmail.com,823-690-0651x549
Kimberly,Bray,1913-11-08,christinawise@hotmail.com,4477861587
Susan,Molina,1965-02-26,qsmith@yahoo.com,656-830-5956x4067
Donald,Gillespie,1956-12-02,hnguyen@gmail.com,125-328-0895
Erica,Foster,1957-11-18,jason68@hotmail.com,036-860-4180x9146
Joshua,Wood,1921-01-18,campbellkeith@hotmail.com,511-954-6811x4373
Michael,Espinoza,1949-05-19,yallen@hotmail.com,(563)927-1039x2005
Jason,Wade,1916-07-09,rodriguezmelissa@gmail.com,(298)296-3857x3110
Craig,Daniels,1988-09-04,jjohnson@yahoo.com,+1-855-503-1463x609
Jason,Williams,1943-03-23,gonzaleskathryn@yahoo.com,377-941-5764x0705
Jo,Hudson,2009-05-26,harrisontimothy@hotmail.com,001-071-299-3973x91704
Cameron,Clark,1987-05-29,browndanielle@gmail.com,001-021-848-6692x0748
Anna,Nixon,1938-04-17,robert55@hotmail.com,001-896-973-0242x93136
Ann,MD,2000-07-10,andersonjulie@yahoo.com,445-140-3321
Deborah,Johns,1975-06-02,scotttammy@yahoo.com,397-186-8813
Edwin,Chavez,1959-03-06,dianalindsey@gmail.com,(289)261-4912
Rebecca,Walls,1924-06-20,campbelllindsay@hotmail.com,001-337-674-4387x27333
Matthew,Webster,1975-01-12,ujohnson@gmail.com,546-280-0826x99046
Brandi,Atkins,1978-06-20,brett43@gmail.com,648-820-4791x60430
Carmen,Larson,1998-04-27,victoriadominguez@hotmail.com,(159)680-2710
David,Turner,2021-10-07,vgonzales@gmail.com,(377)202-9277x3941
David,Sherman,1946-09-28,jacobball@gmail.com,(430)454-7272x768
Christine,Brown,1955-02-27,margaretosborne@hotmail.com,(367)314-9261x8737
Ryan,Mckay,1941-11-24,udeleon@hotmail.com,049-835-4234
Timothy,Duran,2014-08-05,rhodesnicole@hotmail.com,(573)075-3297x5255
Timothy,Anderson,1959-10-27,gomezsherry@hotmail.com,+1-421-262-2357x636
David,Harper,1922-12-07,lewisalexandria@gmail.com,001-370-226-1236x187
Donna,Smith,1911-12-22,johnsoncathy@hotmail.com,184-936-8732
Joseph,Romero,1947-03-03,michellerivera@gmail.com,001-649-726-7399x6388
Gilmore,Mr,1967-09-02,huynhlaura@gmail.com,(369)859-6393
James,Stein,2017-12-09,brittany03@hotmail.com,039-929-7490
Kyle,Oliver,1988-06-12,nbarnes@yahoo.com,160-025-1345x40765
Mcpherson,Mr,1912-07-22,rushashley@yahoo.com,6034717680
Karla,Chavez,1957-12-23,marthabryant@hotmail.com,379-976-6596x71476
Justin,Fowler,1950-03-25,robert94@yahoo.com,001-172-087-2079x99222
Travis,Moore,2013-05-09,wrightpamela@hotmail.com,(324)228-1786
Carl,Strong,1930-01-23,evansjuan@hotmail.com,(688)977-5082x815
Whitney,Melton,1939-01-10,linda09@yahoo.com,5413989495
Daniel,Wilson,1918-04-02,alison64@yahoo.com,2641036652
Lisa,Pollard,1926-10-12,marietaylor@gmail.com,+1-860-948-4014
Sarah,Mckenzie,1983-04-29,paulneal@hotmail.com,756-699-0325x500
Anthony,Gallegos,1965-01-06,owilliams@yahoo.com,798-474-8837x46812
Danielle,Tucker,1956-03-06,jbrooks@gmail.com,001-387-294-3782x9767
Seth,Santiago,1929-12-19,vcook@hotmail.com,193-914-1601
Nicholas,Krause,2002-11-22,smithmichelle@gmail.com,7789349917
Carolyn,Phillips,1956-04-28,louisholland@yahoo.com,006-069-7134x89367
Christopher,Shannon,2001-08-06,thomasreyes@yahoo.com,+1-126-735-9743x213
Ryan,Briggs,2018-03-09,lorinielsen@gmail.com,(083)652-4953
Ronald,Williams,1959-09-15,millerdebra@gmail.com,103-670-7132x653
Jennifer,Blanchard,1959-05-01,jerry87@hotmail.com,570-211-4678x141
MD,Dr,1941-12-22,tbyrd@gmail.com,065-587-1437x92946
Roger,Everett,1926-07-08,smithamy@gmail.com,011-525-1433x121
Robert,Wood,2002-01-24,matthewbrandt@yahoo.com,(477)772-3455
Gina,Smith,1949-09-18,russellvanessa@yahoo.com,802-837-7004x5345
Anita,Baker,1998-10-21,burgessdonna@yahoo.com,2531507480
David,Carter,1963-04-19,josephsarah@gmail.com,865-659-3088
Steven,Hansen,1983-05-20,nicholsjoshua@hotmail.com,218-935-2418x13388
Jo,Espinoza,1961-11-12,richarddixon@gmail.com,162-989-2614
Allison,Woodward,1916-03-22,armstrongjuan@hotmail.com,749-581-7155
Thomas,Miller,1918-08-14,nrivera@yahoo.com,534-234-8047x4896
Thomas,Hill,1915-11-23,osanchez@hotmail.com,5679710706
Jay,Matthews,1930-02-27,jordanjanet@gmail.com,656-598-4601
David,Middleton,1911-10-30,clarkjustin@hotmail.com,0983256213
Natalie,Reynolds,1944-05-01,ajohnson@gmail.com,+1-236-144-1851x8586
Michelle,Walker,1958-05-28,christopherlee@yahoo.com,469-049-1814
Brandon,Brown,1958-06-30,sarawaters@hotmail.com,036-500-0799x428
Daniel,Jackson,2019-02-18,antoniosanchez@yahoo.com,(916)734-4919x56640
Linda,Collins,1975-12-11,xhart@gmail.com,061-612-4019
